"gene","log2FC","padj"
"Gene0001",1.60858938104969,0.000696267804799899
"Gene0002",1.27922280749345,0.0161956982945779
"Gene0003",1.59418820811862,4.92395645327367e-06
"Gene0004",1.3324799799211,0.0107154179316119
"Gene0005",0.989175269506772,2.12930715652439e-05
"Gene0006",2.0459770371602,3.27819954478393e-09
"Gene0007",1.58392545618486,5.76176014167621e-07
"Gene0008",2.42116073275632,4.6751390644902e-07
"Gene0009",1.79232572475783,0.000109296568514618
"Gene0010",1.6018442242907,5.90786534379897e-05
"Gene0011",1.95936677414107,2.67408294901865e-07
"Gene0012",1.17528309099286,2.42524467765876e-09
"Gene0013",1.35581663262784,0.0050050162612479
"Gene0014",2.70304614423743,4.01650093604753e-07
"Gene0015",2.5369425580965,2.7169398266128e-06
"Gene0016",1.7395354582085,1.31254178061094e-07
"Gene0017",1.25889181559835,0.00048584537240344
"Gene0018",2.10096916897512,5.92552640817316e-06
"Gene0019",1.14422123898478,0.000114550395296957
"Gene0020",1.33277503205234,0.000117674350169571
"Gene0021",1.62616086201584,0.000108422401719702
"Gene0022",1.74937479098477,9.08446329522398e-05
"Gene0023",2.08956361067959,1.59373623131321e-07
"Gene0024",1.53033139028565,3.59540128729718e-07
"Gene0025",1.29412951720197,7.62065736857157e-05
"Gene0026",2.22841435561333,1.50942940608238e-08
"Gene0027",1.78280596674329,3.27819954478393e-09
"Gene0028",1.67862998206906,1.98242001016732e-06
"Gene0029",1.2989211334144,0.0010998829685705
"Gene0030",1.54957869383632,3.78269472917589e-05
"Gene0031",1.85572094435388,1.60569357205288e-06
"Gene0032",1.95700111262191,3.19817518634346e-07
"Gene0033",1.10412809814985,2.04386068073412e-05
"Gene0034",1.68628990193292,0.000115283516381388
"Gene0035",2.13061691194162,2.94792406258781e-08
"Gene0036",1.46917892729055,0.00185714411312205
"Gene0037",1.73730781987343,7.2180147495459e-05
"Gene0038",1.34571133935835,0.000176273685782201
"Gene0039",1.27876821602458,0.00101007991209168
"Gene0040",2.17328002734435,1.13843595002414e-09
"Gene0041",2.0268259178367,8.14633908222181e-07
"Gene0042",0.873122107879347,0.130702501041558
"Gene0043",1.3812503033726,7.27757762072326e-07
"Gene0044",1.99977323418466,7.91393336264582e-08
"Gene0045",1.51047394754826,7.92132668573721e-06
"Gene0046",2.0841014101508,4.06422205035786e-07
"Gene0047",1.33439161823552,0.000225587312327048
"Gene0048",1.63310414260175,4.84531790068196e-08
"Gene0049",1.35622485697349,0.00189007170366086
"Gene0050",1.66943332047135,8.04180154232435e-07
"Gene0051",1.62830076380858,1.51028606871233e-05
"Gene0052",1.16012760229161,0.00149159866799885
"Gene0053",2.26612562242777,5.83795074643103e-06
"Gene0054",2.15844521643511,1.51778307470278e-05
"Gene0055",1.64416849436299,4.84531790068196e-08
"Gene0056",2.06439018441395,8.45465846190039e-06
"Gene0057",1.69109302328323,6.5031424403537e-08
"Gene0058",2.04873817354489,2.42546184324181e-07
"Gene0059",2.33451729040807,1.09800266924763e-08
"Gene0060",1.90670508196165,1.4281483703338e-06
"Gene0061",1.53611335049783,0.00417230573366112
"Gene0062",1.58634734377981,3.43791488225289e-06
"Gene0063",1.8378838793895,1.13843595002414e-09
"Gene0064",2.0394937359707,2.4336347538517e-05
"Gene0065",1.66747516336341,8.40289521787456e-06
"Gene0066",1.07572380789875,0.0482172690369879
"Gene0067",1.80962973058891,1.10574288501721e-06
"Gene0068",1.80308627574807,5.76176014167621e-07
"Gene0069",1.38018830353822,0.0069678854739486
"Gene0070",1.85529173838136,6.70265043957488e-06
"Gene0071",1.36151815429177,1.25390130857816e-06
"Gene0072",1.73697085214235,0.000119989368135074
"Gene0073",2.07670279882248,3.56820599593505e-08
"Gene0074",1.31642935988245,0.000920393180319481
"Gene0075",1.30473040395178,9.09145515519948e-05
"Gene0076",1.46777281879657,2.73518605188907e-06
"Gene0077",2.51745699364919,2.50313328047093e-06
"Gene0078",1.95627060740873,7.25873113840016e-05
"Gene0079",2.34773103229815,5.63229614295603e-08
"Gene0080",1.28273800769481,2.4336347538517e-05
"Gene0081",1.87500075959408,5.39144284899582e-05
"Gene0082",1.64804623646043,5.50613158169971e-06
"Gene0083",1.85882124548129,5.66873948952661e-09
"Gene0084",1.84384810927878,6.51511001635741e-05
"Gene0085",1.51559588149312,6.25599262107467e-06
"Gene0086",1.54748056934038,3.07338893725189e-05
"Gene0087",1.99506062918535,1.27610961531916e-09
"Gene0088",1.84955142351842,0.000958156807242899
"Gene0089",1.10174807283967,1.76726986325063e-07
"Gene0090",2.09466251916825,2.42524467765876e-09
"Gene0091",1.885805405173,0.000140759546294904
"Gene0092",2.2055982358402,6.99021216601097e-07
"Gene0093",1.86506682832089,5.63229614295603e-08
"Gene0094",1.13173828142495,0.00385494683144797
"Gene0095",2.32546576414733,2.42524467765876e-09
"Gene0096",1.68335250061873,5.47309880227928e-11
"Gene0097",1.23863071018215,0.000212487560858918
"Gene0098",1.59089523882181,1.41620577682884e-05
"Gene0099",2.08463700104479,1.4822535433731e-08
"Gene0100",1.79840746514895,2.04906869183819e-06
"Gene0101",-1.04537974763071,0.00354808710744436
"Gene0102",-2.1768899568428,5.90504049761841e-07
"Gene0103",-1.77870810429198,2.50313328047093e-06
"Gene0104",-1.23081290913679,0.000257703095442131
"Gene0105",-1.01336367682468,0.0292859032843447
"Gene0106",-1.29274891528435,1.00755838538269e-06
"Gene0107",-2.00228310640717,3.19817518634346e-07
"Gene0108",-1.85252986037853,5.921699968067e-05
"Gene0109",-1.87250338543024,1.18983987554592e-05
"Gene0110",-2.0574705598125,1.13933029411144e-05
"Gene0111",-1.58662791859406,0.000140759546294904
"Gene0112",-2.12605101043832,5.76891595226144e-06
"Gene0113",-2.34079970801506,1.98242001016732e-06
"Gene0114",-2.01459192410385,2.13402217572786e-06
"Gene0115",-1.17028775581718,0.000696267804799899
"Gene0116",-1.73696504925276,4.84531790068196e-08
"Gene0117",-2.19709850661198,3.72548135107003e-05
"Gene0118",-1.79908610409715,0.000398373059907426
"Gene0119",-1.15444544102366,2.7169398266128e-06
"Gene0120",-1.94016755065254,1.59046653695844e-08
"Gene0121",-1.76542228198384,1.41435157002616e-07
"Gene0122",-0.785883117242425,0.0618877440764133
"Gene0123",-1.19304298265936,0.000553575173400547
"Gene0124",-1.32180781413546,0.000920715254675983
"Gene0125",-2.26387616254415,5.47309880227928e-11
"Gene0126",-2.08909582012326,8.51292629380743e-09
"Gene0127",-1.47453362912789,0.000421188221699974
"Gene0128",-1.8569952574764,2.73518605188907e-06
"Gene0129",-1.57799205926045,0.0069678854739486
"Gene0130",-2.06904673417111,9.63473432293879e-06
"Gene0131",-1.40501149244974,0.00115718056459696
"Gene0132",-2.32583728036334,8.04180154232435e-07
"Gene0133",-1.88650304316136,8.24421605431097e-08
"Gene0134",-1.81985568638863,4.13006692117568e-06
"Gene0135",-1.62759022326471,1.59804272687711e-07
"Gene0136",-1.59987029467866,0.00208804491888082
"Gene0137",-1.22637053670676,7.67233555378602e-06
"Gene0138",-1.59235724122687,4.71940508088384e-06
"Gene0139",-1.60548449493886,2.67408294901865e-07
"Gene0140",-0.651866215616252,0.0958213201297854
"Gene0141",-1.70333961067866,0.000196509342553997
"Gene0142",-1.8583836324947,0.000235721549540056
"Gene0143",-1.75246053855384,6.48010462191493e-05
"Gene0144",-1.56925437236997,5.90786534379897e-05
"Gene0145",-2.11910042989768,8.14248213678667e-08
"Gene0146",-1.70959037754106,5.70489927198084e-06
"Gene0147",-1.42181470908539,0.00101007991209168
"Gene0148",-2.51233997853608,3.71146888424975e-05
"Gene0149",-1.6517052788534,5.76176014167621e-07
"Gene0150",-1.07559626568334,0.00194811225787434
"Gene0151",-1.28943752005465,0.000961168035817877
"Gene0152",-1.24244368013782,0.00189597137760396
"Gene0153",-1.52992385603215,0.000127999163142864
"Gene0154",-1.65696375609788,4.84531790068196e-08
"Gene0155",-1.89187935261009,3.46911853243115e-05
"Gene0156",-1.43446222405294,2.92444702551447e-06
"Gene0157",-1.15457894656936,2.04386068073412e-05
"Gene0158",-1.28228551789715,0.000920393180319481
"Gene0159",-1.82725217921837,4.31469753354767e-05
"Gene0160",-1.73945950642761,2.42524467765876e-09
"Gene0161",-1.87038132842678,2.92248340242059e-06
"Gene0162",-1.83740532803578,0.000292114863485515
"Gene0163",-1.31684497847538,0.00184824525781581
"Gene0164",-2.25566511984595,5.83795074643103e-06
"Gene0165",-2.09803876361824,5.29062836256893e-07
"Gene0166",-1.38117660218578,3.52426601676672e-05
"Gene0167",-1.35809273354229,0.000901513576615125
"Gene0168",-2.12056830424113,3.12957824337493e-06
"Gene0169",-1.498915555964,0.00208804491888082
"Gene0170",-1.52355903438268,7.4164916608038e-05
"Gene0171",-1.48313823879591,5.29062836256893e-07
"Gene0172",-1.8080817004034,1.04173392136203e-06
"Gene0173",-1.4407617754737,0.000616497803396156
"Gene0174",-1.90028780168518,1.03855701119771e-09
"Gene0175",-1.31376465592104,0.000321684830579922
"Gene0176",-1.33110538084795,4.92395645327367e-06
"Gene0177",-1.66372463295649,0.00108147545986451
"Gene0178",-1.24035451331328,0.000140759546294904
"Gene0179",-1.49653865335469,2.49380544239934e-05
"Gene0180",-1.8896384550443,0.000595294863696215
"Gene0181",0.0625188762955613,0.934405040420932
"Gene0182",-0.300666475332442,0.712589438592991
"Gene0183",-0.320917295547649,0.664868054237634
"Gene0184",-0.0666188014249371,0.951360817948868
"Gene0185",0.177203733890118,0.664868054237634
"Gene0186",0.566869252004815,0.363591094924561
"Gene0187",0.32036505440937,0.349893042059437
"Gene0188",0.131454348518915,0.815300511825955
"Gene0189",-0.0580548666773115,0.94704418014209
"Gene0190",0.0646907218081427,0.929026027252233
"Gene0191",0.451832104877893,0.0196525659763779
"Gene0192",0.280478401087796,0.708337325697488
"Gene0193",0.790026951270559,0.191223935540301
"Gene0194",0.0219135273721802,0.956848095131145
"Gene0195",0.540997154440963,0.345040740902
"Gene0196",-0.1046129614789,0.842747666396854
"Gene0197",0.0392342973322588,0.956848095131145
"Gene0198",0.20244785155635,0.686693744337955
"Gene0199",-0.179431171786865,0.800591951338413
"Gene0200",0.148881208913624,0.740893663898688
"Gene0201",-0.400483449136889,0.489265849579132
"Gene0202",-0.321747114248331,0.583237789481373
"Gene0203",-0.609696885420071,0.00330874242327308
"Gene0204",0.139691975115007,0.887834656564474
"Gene0205",-0.270254762154629,0.73344107418591
"Gene0206",-0.135211485921443,0.876723407413439
"Gene0207",-0.0658961596073819,0.942960728679424
"Gene0208",0.475113701847164,0.0874826499222967
"Gene0209",-0.0210884338451054,0.966282494659332
"Gene0210",-0.365147419946674,0.668369314707506
"Gene0211",0.107131268784496,0.898205087401543
"Gene0212",-0.356233008431742,0.223352398705607
"Gene0213",0.0174625774559445,0.969583751131465
"Gene0214",-0.22510074639336,0.724438561246113
"Gene0215",0.370973349940223,0.708337325697488
"Gene0216",0.0351076954020346,0.966282494659332
"Gene0217",0.187256801312827,0.800591951338413
"Gene0218",0.128619553441091,0.893326694516585
"Gene0219",0.292077140920258,0.710502562206522
"Gene0220",-0.0466373057595808,0.934405040420932
"Gene0221",-0.116116034959482,0.712589438592991
"Gene0222",-0.588163238356366,0.373174960134403
"Gene0223",0.39584496880301,0.275851491883701
"Gene0224",0.0232979930894599,0.969583751131465
"Gene0225",0.248783139027985,0.575433976566968
"Gene0226",-0.272107838650605,0.65943374160067
"Gene0227",0.16207112989709,0.845577458623676
"Gene0228",-0.498340445416108,0.170435943057584
"Gene0229",0.304807256329651,0.590424069104345
"Gene0230",-0.194861938161776,0.803728064426729
"Gene0231",0.0179330423755131,0.969583751131465
"Gene0232",-0.0494771790057982,0.913526263204321
"Gene0233",0.0144093439631217,0.971498670142153
"Gene0234",0.253157813774716,0.724438561246113
"Gene0235",-0.430886948565981,0.652175048315411
"Gene0236",0.312554215261517,0.279989264108495
"Gene0237",0.177292189523248,0.662889256944478
"Gene0238",0.0169405433703558,0.969583751131465
"Gene0239",-0.0460057968159511,0.956848095131145
"Gene0240",-0.249919562356029,0.548554449425752
"Gene0241",0.51359741054967,0.219254883159361
"Gene0242",0.290056495495419,0.383096787093108
"Gene0243",-0.31726438297786,0.747817585281002
"Gene0244",0.0566494075291537,0.956848095131145
"Gene0245",0.225023259979217,0.67560611870312
"Gene0246",-0.0974100218296758,0.928200738579801
"Gene0247",0.109312012135457,0.893326694516585
"Gene0248",0.0198597470420872,0.956848095131145
"Gene0249",-0.287070835771749,0.324748857993776
"Gene0250",0.0732361118834675,0.934405040420932
"Gene0251",0.133176947077171,0.849936112242416
"Gene0252",-0.34778265176657,0.68621445478726
"Gene0253",0.3579149620651,0.170773803006418
"Gene0254",-0.0871411570477907,0.911124252747146
"Gene0255",0.24315454508482,0.720280274947019
"Gene0256",0.400885005518429,0.625732969073102
"Gene0257",-0.0389274400647803,0.952360725558938
"Gene0258",-0.124784768900632,0.712589438592991
"Gene0259",0.0476733130233873,0.934405040420932
"Gene0260",0.119685719055481,0.876723407413439
"Gene0261",-0.190719484783873,0.723283185896918
"Gene0262",-0.0638978773381247,0.903992510201582
"Gene0263",-0.349498212168585,0.664868054237634
"Gene0264",0.198151454840798,0.82568719712528
"Gene0265",0.0421699555533435,0.938237925334595
"Gene0266",-0.135554103294631,0.893166567327989
"Gene0267",-0.206426786661734,0.800591951338413
"Gene0268",0.142716080622943,0.845577458623676
"Gene0269",-0.292414731439601,0.598534330958166
"Gene0270",0.0726072442156109,0.949994564002993
"Gene0271",-0.347031646918903,0.664868054237634
"Gene0272",-0.355859777792946,0.584339347567272
"Gene0273",-0.172295757316411,0.753852295019699
"Gene0274",-0.43498951394495,0.0943633621479231
"Gene0275",-0.114679929614836,0.842747666396854
"Gene0276",0.0852338368677374,0.893326694516585
"Gene0277",-0.296077624130888,0.582477503370002
"Gene0278",-0.0953181060831527,0.876723407413439
"Gene0279",-0.133774822717447,0.845577458623676
"Gene0280",-0.2516276181029,0.641899055944693
"Gene0281",0.141253831569342,0.850953153498076
"Gene0282",-0.349792507079863,0.618928033869145
"Gene0283",-0.288989721072317,0.70968370128903
"Gene0284",0.438733763705745,0.501301570652974
"Gene0285",0.190935080654363,0.699871124066445
"Gene0286",0.292123247853002,0.800561129296346
"Gene0287",0.165614766933813,0.803728064426729
"Gene0288",-0.00342462068625338,0.994920568754471
"Gene0289",0.312693578904561,0.70968370128903
"Gene0290",-0.105352054048247,0.906239538919216
"Gene0291",-0.203726795110292,0.712589438592991
"Gene0292",-0.0100810277635297,0.969583751131465
"Gene0293",0.537885280214723,0.177435832097838
"Gene0294",-0.191405880611865,0.800561129296346
"Gene0295",0.314710765722403,0.664868054237634
"Gene0296",0.205631394232324,0.710502562206522
"Gene0297",-0.316393493871108,0.153707495424434
"Gene0298",-0.147781950408662,0.788056509538809
"Gene0299",0.241239429055651,0.800591951338413
"Gene0300",-0.0719970481955841,0.929026027252233
"Gene0301",0.0707562723937647,0.920240725381534
"Gene0302",-0.0150342684967288,0.971498670142153
"Gene0303",0.448030643547387,0.213566007930596
"Gene0304",0.516770608772427,0.235344288283976
"Gene0305",-0.628737608533636,0.154843518216659
"Gene0306",-0.153492367491626,0.826484277587677
"Gene0307",0.623599195421833,0.186206424728559
"Gene0308",-0.0974516296893224,0.876723407413439
"Gene0309",-0.148986075004127,0.881580004897037
"Gene0310",0.096909676362511,0.903992510201582
"Gene0311",0.105711940966149,0.903116317146843
"Gene0312",0.077767850193843,0.89857346072686
"Gene0313",-0.100854512474831,0.876723407413439
"Gene0314",-0.187450791716728,0.771345213776839
"Gene0315",-0.140468721413297,0.774207187636138
"Gene0316",0.325305880452536,0.477245079290813
"Gene0317",-0.0173681130558681,0.969583751131465
"Gene0318",-0.0323949204306695,0.944292865390417
"Gene0319",-0.196057243666552,0.712589438592991
"Gene0320",-0.0340815766707241,0.940254184624838
"Gene0321",0.00233318995132237,0.989557150647463
"Gene0322",-0.254821773890782,0.70968370128903
"Gene0323",-0.557878758210586,0.235873465808153
"Gene0324",0.142492736859512,0.740893663898688
"Gene0325",-0.124298726138472,0.880359881924651
"Gene0326",-0.0816949717346827,0.927406793823932
"Gene0327",-0.156081948501478,0.788056509538809
"Gene0328",0.092210483142015,0.906239538919216
"Gene0329",-0.560573460961844,0.511176581125792
"Gene0330",0.12369599631227,0.898205087401543
"Gene0331",0.244723107428399,0.484259131332782
"Gene0332",-0.171278234114616,0.842747666396854
"Gene0333",0.119434961284604,0.903116317146843
"Gene0334",0.168102870704855,0.712589438592991
"Gene0335",0.0302202268495755,0.969583751131465
"Gene0336",0.00988973302208151,0.971498670142153
"Gene0337",0.341059629272735,0.52403174588451
"Gene0338",0.291969204053159,0.363198720672179
"Gene0339",-0.774608676177996,0.0445892040011753
"Gene0340",0.213413019796777,0.68621445478726
"Gene0341",0.445858575912661,0.237654295146158
"Gene0342",0.0557763395372852,0.953074290495915
"Gene0343",-0.288118845234651,0.708337325697488
"Gene0344",-0.0544558416357539,0.956589683543085
"Gene0345",0.358779402593879,0.712589438592991
"Gene0346",0.258259364431774,0.753852295019699
"Gene0347",-0.147205091465274,0.717711700084699
"Gene0348",-0.109977619017023,0.913526263204321
"Gene0349",-0.370954703886539,0.575433976566968
"Gene0350",-0.181836766887168,0.79104388895521
"Gene0351",-0.0392292238055987,0.940254184624838
"Gene0352",0.333295393642342,0.167277700793147
"Gene0353",0.0502037743353068,0.955796044087024
"Gene0354",-0.300902213070227,0.579666855778545
"Gene0355",0.282371932271291,0.447422517017914
"Gene0356",0.316494335191717,0.584339347567272
"Gene0357",-0.215502224027889,0.618928033869145
"Gene0358",0.751033580781883,0.11559554096117
"Gene0359",0.109111109759959,0.904444320153334
"Gene0360",0.251630491277437,0.664868054237634
"Gene0361",0.12558513127985,0.712589438592991
"Gene0362",0.273248948557139,0.641899055944693
"Gene0363",-0.352407500052793,0.662889256944478
"Gene0364",-0.135912818859634,0.903992510201582
"Gene0365",0.474224675029419,0.249739955689621
"Gene0366",-0.416853726075876,0.223352398705607
"Gene0367",-0.098442316212318,0.913526263204321
"Gene0368",-0.280523732528147,0.72274550988725
"Gene0369",0.0537413645538836,0.938237925334595
"Gene0370",0.313886867625913,0.486361850330142
"Gene0371",0.217417397851976,0.662889256944478
"Gene0372",0.0695328650588625,0.913526263204321
"Gene0373",-0.170258220065045,0.82568719712528
"Gene0374",-0.452229218324133,0.271949928632628
"Gene0375",-0.192588075495741,0.800561129296346
"Gene0376",-0.661430421404142,0.0518595065941487
"Gene0377",0.209163634285545,0.541449355477432
"Gene0378",0.385181588575414,0.641899055944693
"Gene0379",-0.0338740452028148,0.956848095131145
"Gene0380",-0.126747836262075,0.842747666396854
"Gene0381",-0.0898271510006907,0.928200738579801
"Gene0382",0.251682291338821,0.690980976938619
"Gene0383",0.13355750463259,0.890686696304867
"Gene0384",0.229451232307307,0.710502562206522
"Gene0385",0.241962575322757,0.68621445478726
"Gene0386",-0.126692063097476,0.876723407413439
"Gene0387",0.23823543912097,0.712589438592991
"Gene0388",0.0189651568645086,0.956848095131145
"Gene0389",-0.0404640242761936,0.935693739437315
"Gene0390",0.45554108908288,0.0870583894280972
"Gene0391",0.490315769769914,0.635527237990731
"Gene0392",0.317511328609427,0.724438561246113
"Gene0393",0.136690340935705,0.896784637349343
"Gene0394",-0.387496806043454,0.302171012389863
"Gene0395",0.533799533595076,0.0270236509560495
"Gene0396",-0.172699350903764,0.82037499593107
"Gene0397",-0.0197582529630393,0.971498670142153
"Gene0398",0.177445150984815,0.750277622893247
"Gene0399",-0.303022789841536,0.678650638279786
"Gene0400",0.021215329205134,0.969583751131465
"Gene0401",0.141034055963168,0.867105738175974
"Gene0402",-0.425157111627261,0.561735800111374
"Gene0403",-0.466539023449835,0.237654295146158
"Gene0404",0.0985561535904669,0.898682624542884
"Gene0405",-0.0477380230660627,0.935693739437315
"Gene0406",0.223500288610255,0.753852295019699
"Gene0407",0.198093946753848,0.600319203492961
"Gene0408",-0.407642544854504,0.554224706407701
"Gene0409",0.200827789438524,0.766390532502923
"Gene0410",-0.100901884498363,0.876723407413439
"Gene0411",-0.354050020354273,0.418624304188907
"Gene0412",-0.0855572679541803,0.913526263204321
"Gene0413",0.248093814378956,0.664868054237634
"Gene0414",-0.0899659540930244,0.803728064426729
"Gene0415",0.274490262850822,0.335544507459001
"Gene0416",-0.0933395567924897,0.864964255672999
"Gene0417",0.477680337400177,0.591918472195535
"Gene0418",-0.25042577839849,0.712589438592991
"Gene0419",-0.0570717242031638,0.929026027252233
"Gene0420",-0.101869476269854,0.900583446497118
"Gene0421",-0.0323976089089077,0.968795202169904
"Gene0422",-0.0534408515079132,0.913526263204321
"Gene0423",0.249315620076599,0.68621445478726
"Gene0424",0.0830443699702865,0.903116317146843
"Gene0425",0.200788552784397,0.712589438592991
"Gene0426",0.164430976188799,0.756679428392857
"Gene0427",0.270069951525953,0.649531979576308
"Gene0428",-0.217712126177061,0.664868054237634
"Gene0429",0.0628658215519877,0.911625325018786
"Gene0430",0.114377377301968,0.82568719712528
"Gene0431",-0.0839632484085495,0.876723407413439
"Gene0432",0.156657708586238,0.775816782599392
"Gene0433",-0.00827221016721413,0.989557150647463
"Gene0434",-0.176026738348135,0.830652671315224
"Gene0435",-0.442318430840391,0.489265849579132
"Gene0436",0.422149683672142,0.514873919330943
"Gene0437",-0.0692051253008756,0.893326694516585
"Gene0438",0.0848155277081695,0.928200738579801
"Gene0439",0.184509552344776,0.70968370128903
"Gene0440",-0.0182583603065076,0.968850064893705
"Gene0441",0.148844927451836,0.70968370128903
"Gene0442",-0.225793209841073,0.753852295019699
"Gene0443",0.140615232966915,0.68621445478726
"Gene0444",-0.229891107692527,0.724438561246113
"Gene0445",0.296983166832549,0.157821509603364
"Gene0446",0.0554556963144961,0.913526263204321
"Gene0447",-0.0908113787493328,0.903116317146843
"Gene0448",0.0479450145536768,0.956589683543085
"Gene0449",0.0330299285298583,0.956848095131145
"Gene0450",-0.0329093441378667,0.956848095131145
"Gene0451",0.304274378283891,0.618928033869145
"Gene0452",-0.345179317462022,0.584339347567272
"Gene0453",0.478997281950984,0.521847766052841
"Gene0454",0.301042723229184,0.609608353462168
"Gene0455",0.0449627877384131,0.94704418014209
"Gene0456",-0.052901145268093,0.934405040420932
"Gene0457",0.663996806889553,0.129156003496525
"Gene0458",-0.00853195332357437,0.987215942071937
"Gene0459",0.335308668338703,0.584339347567272
"Gene0460",0.00115525214056511,0.9979859264746
"Gene0461",-0.0534861151731842,0.934405040420932
"Gene0462",-0.203919677542899,0.837148908338606
"Gene0463",-0.182809063167862,0.767801298881732
"Gene0464",-0.237184449416498,0.678650638279786
"Gene0465",0.156641685841749,0.904444320153334
"Gene0466",-0.0223468370565261,0.971498670142153
"Gene0467",-0.35725079728202,0.611521876110067
"Gene0468",0.256802371558186,0.82037499593107
"Gene0469",0.0850932774613664,0.800591951338413
"Gene0470",0.359758180762579,0.109980592172394
"Gene0471",-0.353260154982176,0.526137142677493
"Gene0472",-0.233459592980163,0.68621445478726
"Gene0473",-0.259024410920453,0.439265194990122
"Gene0474",-0.450252158316417,0.260651886109325
"Gene0475",0.0945202034222632,0.903992510201582
"Gene0476",0.112702046981044,0.842747666396854
"Gene0477",0.0645585462707166,0.90817201692539
"Gene0478",0.109608190168474,0.913452673986449
"Gene0479",-0.0824371723585262,0.900583446497118
"Gene0480",-0.0995396983458718,0.896784637349343
"Gene0481",0.3447112440925,0.439265194990122
"Gene0482",0.647296927108886,0.180257845235953
"Gene0483",-0.085173911113448,0.913526263204321
"Gene0484",0.276817295496426,0.712589438592991
"Gene0485",0.057976525091437,0.934405040420932
"Gene0486",0.203366586748725,0.582136358530389
"Gene0487",-0.20402158708291,0.710502562206522
"Gene0488",-0.433063988522257,0.141259063287518
"Gene0489",-0.261480266032953,0.704457898721277
"Gene0490",-0.213034247145078,0.712589438592991
"Gene0491",-0.457529332278888,0.641899055944693
"Gene0492",-0.0887215584210237,0.920168417221797
"Gene0493",0.0722467531910302,0.934405040420932
"Gene0494",0.130826705365139,0.77055339460715
"Gene0495",0.204778091333704,0.769149211354678
"Gene0496",0.0888729161679178,0.826484277587677
"Gene0497",-0.505802051502485,0.237654295146158
"Gene0498",-0.0230313358491454,0.966282494659332
"Gene0499",-0.103567891338852,0.800591951338413
"Gene0500",0.130565861567632,0.842747666396854
"Gene0501",-0.0732145333580263,0.921635405892349
"Gene0502",0.0297475096347624,0.956848095131145
"Gene0503",0.0797681187353634,0.913526263204321
"Gene0504",0.0126195291127891,0.969583751131465
"Gene0505",-0.362851225210833,0.653156620949126
"Gene0506",-0.022468085666703,0.956848095131145
"Gene0507",0.213720116520422,0.753852295019699
"Gene0508",0.418691624663053,0.521847766052841
"Gene0509",-0.143999837248803,0.740893663898688
"Gene0510",0.503597738809254,0.23214695781882
"Gene0511",-0.0303681406961642,0.956848095131145
"Gene0512",-0.292646387581657,0.514736880907718
"Gene0513",-0.240043026927854,0.67560611870312
"Gene0514",-0.0176808780527402,0.969583751131465
"Gene0515",0.347939423480749,0.611521876110067
"Gene0516",-0.114545837578067,0.843240819620861
"Gene0517",-0.0497771372329963,0.947287180756619
"Gene0518",-0.155681456056072,0.87091653964876
"Gene0519",-0.197352052939292,0.653156620949126
"Gene0520",-0.192088381738096,0.70968370128903
"Gene0521",0.205003473195084,0.548418434607051
"Gene0522",-0.304077117909715,0.547377846094686
"Gene0523",-0.748299441219254,0.0674485248977879
"Gene0524",-0.160269988939392,0.826484277587677
"Gene0525",0.274017463625853,0.712589438592991
"Gene0526",-0.264158038921344,0.699871124066445
"Gene0527",-0.0645711785953278,0.927406793823932
"Gene0528",0.167941592090014,0.600319203492961
"Gene0529",0.201893892572052,0.82568719712528
"Gene0530",-0.178535131099949,0.767801298881732
"Gene0531",0.0199498757151133,0.956848095131145
"Gene0532",-0.0537803005935267,0.934405040420932
"Gene0533",-0.228117492539664,0.724438561246113
"Gene0534",-0.263258237582855,0.584339347567272
"Gene0535",0.0506707989845427,0.929026027252233
"Gene0536",0.352703086472574,0.561990611979508
"Gene0537",-0.368563848691872,0.547099545383906
"Gene0538",-0.267627932376577,0.514873919330943
"Gene0539",-0.104365371659302,0.896784637349343
"Gene0540",0.158697650004219,0.876723407413439
"Gene0541",-0.403575518098501,0.708337325697488
"Gene0542",-0.000442057932554363,0.998263786932312
"Gene0543",-0.32218726862929,0.591336093252639
"Gene0544",-0.103575264021485,0.778531141662956
"Gene0545",0.760419817829638,0.0308392887822935
"Gene0546",-0.120236162713689,0.803728064426729
"Gene0547",-0.352782357785492,0.598534330958166
"Gene0548",0.123121688116342,0.843240819620861
"Gene0549",-0.109124233322659,0.890686696304867
"Gene0550",0.662441097104642,0.223352398705607
"Gene0551",-0.0329401308433619,0.929026027252233
"Gene0552",0.0536592314122561,0.912167215860598
"Gene0553",-0.260474679840769,0.753852295019699
"Gene0554",-0.0881033367281496,0.928200738579801
"Gene0555",0.122464865069242,0.912167215860598
"Gene0556",0.283472769111004,0.664868054237634
"Gene0557",0.0235101201814629,0.969583751131465
"Gene0558",-0.0538161114437035,0.956848095131145
"Gene0559",0.0142843017881837,0.969583751131465
"Gene0560",0.0427247412389207,0.956848095131145
"Gene0561",-0.502747109440136,0.554224706407701
"Gene0562",-0.266388662646304,0.712589438592991
"Gene0563",0.0257023162516248,0.956848095131145
"Gene0564",-0.0853533633966475,0.913526263204321
"Gene0565",-0.179506133506459,0.704453206171656
"Gene0566",0.129492276304862,0.68621445478726
"Gene0567",-0.158235888230115,0.664868054237634
"Gene0568",-0.274559235141899,0.598534330958166
"Gene0569",-0.153557104678155,0.800591951338413
"Gene0570",-0.225545513308404,0.752281158775877
"Gene0571",0.0446166092642049,0.929026027252233
"Gene0572",-0.149546309884258,0.800591951338413
"Gene0573",0.0582748447883574,0.921635405892349
"Gene0574",-0.530568567802399,0.202206597977217
"Gene0575",-0.126816568847372,0.864038809510837
"Gene0576",-0.0377452940605396,0.955796044087024
"Gene0577",-0.115464798856806,0.845577458623676
"Gene0578",0.178214977307714,0.764305020514896
"Gene0579",-0.0221465536373548,0.969917467093756
"Gene0580",0.256758844610253,0.737375132831813
"Gene0581",-0.302693001792118,0.762790314361544
"Gene0582",-0.165728366633512,0.78991394290146
"Gene0583",0.0846633584029757,0.927406793823932
"Gene0584",-0.0415915430103775,0.927406793823932
"Gene0585",0.367204625493741,0.68621445478726
"Gene0586",-0.0129415212041604,0.984565908555308
"Gene0587",0.470841758633219,0.514873919330943
"Gene0588",-0.171384403836099,0.78991394290146
"Gene0589",-0.433576764043824,0.149222878109846
"Gene0590",0.0468563388832735,0.913526263204321
"Gene0591",0.189941607292688,0.68621445478726
"Gene0592",-0.318596878592545,0.518025296451551
"Gene0593",-0.213232703318717,0.815300511825955
"Gene0594",0.0935485912795784,0.821786521642202
"Gene0595",0.0719661047010893,0.88715634911795
"Gene0596",0.0613905818440053,0.927406793823932
"Gene0597",-0.295251848465714,0.664868054237634
"Gene0598",0.0419252301532875,0.938237925334595
"Gene0599",-0.0471908081951504,0.929026027252233
"Gene0600",-0.181128461520615,0.661330624240858
"Gene0601",0.19431017090022,0.82037499593107
"Gene0602",-0.332145293367176,0.179919682704306
"Gene0603",-0.139014760022649,0.842747666396854
"Gene0604",-0.21043646681073,0.724438561246113
"Gene0605",-0.0399271542123998,0.955796044087024
"Gene0606",-0.22828647618397,0.82037499593107
"Gene0607",0.143035711408039,0.723283185896918
"Gene0608",0.0150254113537542,0.971498670142153
"Gene0609",-0.0864673342364286,0.926540965768983
"Gene0610",0.393416757187987,0.473775977866087
"Gene0611",-0.0655697027752113,0.934405040420932
"Gene0612",0.456172068606165,0.481362586120643
"Gene0613",0.668949835542423,0.226254257390475
"Gene0614",0.0417304438319004,0.921635405892349
"Gene0615",0.158911331531512,0.781044890506757
"Gene0616",0.326821937114049,0.664868054237634
"Gene0617",-0.20766157042026,0.800591951338413
"Gene0618",0.172847924067382,0.842747666396854
"Gene0619",-0.153610509325473,0.724179479226756
"Gene0620",-0.0648679919062367,0.912167215860598
"Gene0621",0.303199125604836,0.237654295146158
"Gene0622",-0.304402007464734,0.672093219185189
"Gene0623",-0.353679939726477,0.61816064387992
"Gene0624",-0.162271804853724,0.712589438592991
"Gene0625",-0.130830072243619,0.800561129296346
"Gene0626",-0.655942636509668,0.0124589147171508
"Gene0627",0.206028228585219,0.769149211354678
"Gene0628",0.382881346347798,0.598534330958166
"Gene0629",0.139695642516823,0.80736860620299
"Gene0630",0.066252380977371,0.913526263204321
"Gene0631",-0.0712327826449339,0.913526263204321
"Gene0632",0.139865623475378,0.876723407413439
"Gene0633",-0.281376053884066,0.611521876110067
"Gene0634",0.52979444073501,0.514873919330943
"Gene0635",0.0321538394853231,0.956848095131145
"Gene0636",-0.0444522590395175,0.956848095131145
"Gene0637",0.197857514743765,0.843240819620861
"Gene0638",-0.228894267799816,0.724179479226756
"Gene0639",-0.0206675445974849,0.969583751131465
"Gene0640",-0.00277084041495801,0.993298800186004
"Gene0641",-0.181855311838563,0.753852295019699
"Gene0642",-0.0382650337333761,0.956848095131145
"Gene0643",-0.0252392481717223,0.969583751131465
"Gene0644",0.060973429863056,0.903116317146843
"Gene0645",-0.0959274849900096,0.913452673986449
"Gene0646",0.00279869390704146,0.993298800186004
"Gene0647",-0.193261349975296,0.579666855778545
"Gene0648",-0.320274542419122,0.110813202690381
"Gene0649",0.0851399057899647,0.90817201692539
"Gene0650",-0.148668184414557,0.712589438592991
"Gene0651",0.155456297612381,0.805170684072526
"Gene0652",0.730077368680675,0.249470790843444
"Gene0653",-0.124371570534501,0.78991394290146
"Gene0654",0.301414108598168,0.712589438592991
"Gene0655",0.455515324355131,0.34393711311541
"Gene0656",0.096628152258134,0.876723407413439
"Gene0657",0.0225548667285178,0.969583751131465
"Gene0658",-0.35342766699325,0.449457462377318
"Gene0659",-0.236277514009184,0.740893663898688
"Gene0660",-0.416041792223037,0.0971419449203001
"Gene0661",-0.213313915170389,0.590424069104345
"Gene0662",-0.332571918991312,0.664868054237634
"Gene0663",0.407426476689596,0.547099545383906
"Gene0664",0.29393980311137,0.712589438592991
"Gene0665",0.261823515480411,0.720280274947019
"Gene0666",-0.112928136355251,0.842747666396854
"Gene0667",0.235274104015009,0.712589438592991
"Gene0668",0.0323718900213024,0.95256106308602
"Gene0669",-0.288464606058925,0.664868054237634
"Gene0670",0.171784254509541,0.845398524224366
"Gene0671",0.236212507399239,0.712589438592991
"Gene0672",-0.487387709564978,0.489265849579132
"Gene0673",-0.0414355116498255,0.953074290495915
"Gene0674",-0.0856941025816909,0.913452673986449
"Gene0675",-0.221762184910354,0.59736631917648
"Gene0676",-0.126477230729689,0.86817005434789
"Gene0677",-0.415579999991706,0.514873919330943
"Gene0678",-0.296959679275557,0.79104388895521
"Gene0679",0.210082393462023,0.800561129296346
"Gene0680",0.0788729218588964,0.893326694516585
"Gene0681",0.021867298231907,0.969583751131465
"Gene0682",0.0947338016771706,0.905657409694331
"Gene0683",-0.16734133558418,0.887752685070086
"Gene0684",-0.300445736907633,0.560744996045861
"Gene0685",-0.271559196877186,0.58970722547143
"Gene0686",0.250846070594203,0.712589438592991
"Gene0687",0.359725495456143,0.489265849579132
"Gene0688",0.0553243270537696,0.876723407413439
"Gene0689",-0.203456600554937,0.664868054237634
"Gene0690",0.120236861276167,0.903992510201582
"Gene0691",0.115922403876676,0.765397700753451
"Gene0692",0.20534756813597,0.712589438592991
"Gene0693",-0.147274536204033,0.876723407413439
"Gene0694",0.34085443004885,0.664868054237634
"Gene0695",-0.178238076594909,0.71649623295291
"Gene0696",-0.0489694028005054,0.940254184624838
"Gene0697",0.447050422037783,0.149369902782355
"Gene0698",0.0158282501493527,0.971498670142153
"Gene0699",-0.0976421814274513,0.903992510201582
"Gene0700",0.1008761952225,0.857419441803771
"Gene0701",-0.155197819829141,0.876723407413439
"Gene0702",0.226510063065184,0.837591376502417
"Gene0703",0.0899980292101912,0.903116317146843
"Gene0704",0.389360151881705,0.712589438592991
"Gene0705",0.323231107858424,0.583237789481373
"Gene0706",-0.0925903230555747,0.845577458623676
"Gene0707",0.315701796561215,0.653156620949126
"Gene0708",-0.153696487075759,0.876723407413439
"Gene0709",0.0511769193473874,0.956848095131145
"Gene0710",-0.151395174068894,0.803728064426729
"Gene0711",-0.216465449474743,0.753852295019699
"Gene0712",-0.131538669347473,0.753852295019699
"Gene0713",-0.321171222791506,0.664868054237634
"Gene0714",0.265592161825191,0.753852295019699
"Gene0715",-0.42198983945756,0.561735800111374
"Gene0716",0.122313114730488,0.664868054237634
"Gene0717",0.400327527297561,0.13664319042383
"Gene0718",0.112712762202015,0.913526263204321
"Gene0719",-0.116622316054057,0.912167215860598
"Gene0720",0.0661225111749211,0.935693739437315
"Gene0721",-0.30269680157391,0.653156620949126
"Gene0722",-0.0943864335731579,0.913526263204321
"Gene0723",0.0746258951131811,0.902929268921369
"Gene0724",-0.310817704138469,0.395783411473086
"Gene0725",-0.565130908445653,0.486361850330142
"Gene0726",0.13006956930781,0.904065558186327
"Gene0727",0.295120267002502,0.712589438592991
"Gene0728",0.142322499255819,0.845577458623676
"Gene0729",0.251467813660651,0.710502562206522
"Gene0730",-0.325598198590209,0.554224706407701
"Gene0731",-0.0353920605444333,0.950900830050357
"Gene0732",-0.239550873051483,0.481362586120643
"Gene0733",-0.15304216673917,0.893326694516585
"Gene0734",0.176208153406824,0.800561129296346
"Gene0735",-0.125024796462098,0.724438561246113
"Gene0736",0.54366529132794,0.14107481942865
"Gene0737",-0.210290350436432,0.753852295019699
"Gene0738",-0.18209596657962,0.82037499593107
"Gene0739",0.181845883076309,0.765793687224544
"Gene0740",-0.0451435715438278,0.934405040420932
"Gene0741",0.245078011982714,0.708337325697488
"Gene0742",0.166363707130616,0.583237789481373
"Gene0743",-0.3587080850446,0.302854290397756
"Gene0744",-0.32114586897892,0.449457462377318
"Gene0745",0.209714787734436,0.514873919330943
"Gene0746",0.232087474644997,0.690980976938619
"Gene0747",0.359141325966942,0.664868054237634
"Gene0748",-0.350560918870806,0.668173283408946
"Gene0749",-0.659561245312946,0.0758158077090065
"Gene0750",0.148273825709658,0.778531141662956
"Gene0751",-0.374541940611975,0.0293216738343639
"Gene0752",0.0256709301743863,0.969583751131465
"Gene0753",-0.304543121030414,0.314038613098926
"Gene0754",0.327259560112083,0.0919171484679923
"Gene0755",-0.0037875252066808,0.988942486596834
"Gene0756",0.180308656552238,0.523118094186581
"Gene0757",-0.349844152393792,0.641899055944693
"Gene0758",-0.221677963519268,0.727009068281029
"Gene0759",-0.0205618972480757,0.969583751131465
"Gene0760",-0.0929933908859741,0.82568719712528
"Gene0761",0.129190948610755,0.842747666396854
"Gene0762",-0.282048930098353,0.14497870790155
"Gene0763",-0.0605794843729743,0.943966001666878
"Gene0764",0.0195049133885821,0.971498670142153
"Gene0765",0.188903436260481,0.812641218753122
"Gene0766",-0.380591758305437,0.636417607264697
"Gene0767",-0.0672374079699907,0.927406793823932
"Gene0768",0.0738337902942341,0.912167215860598
"Gene0769",0.381321864183221,0.514873919330943
"Gene0770",0.0950845606338984,0.913452673986449
"Gene0771",0.46197637090054,0.300039586953749
"Gene0772",0.214998712854368,0.520040241338072
"Gene0773",0.00111113693440501,0.9979859264746
"Gene0774",-0.0513228338870029,0.89857346072686
"Gene0775",-0.0325445348314766,0.969583751131465
"Gene0776",0.0152334478595737,0.971498670142153
"Gene0777",0.151867531473189,0.864038809510837
"Gene0778",0.269077806837835,0.449457462377318
"Gene0779",-0.377387781724923,0.514873919330943
"Gene0780",0.234178071607721,0.82568719712528
"Gene0781",0.25179531171996,0.664868054237634
"Gene0782",0.619779354808846,0.184743972144213
"Gene0783",-0.00308875823530563,0.994920568754471
"Gene0784",0.223726113974973,0.575433976566968
"Gene0785",0.114775424005628,0.765397700753451
"Gene0786",0.321523766721763,0.584339347567272
"Gene0787",0.0241876605786393,0.956848095131145
"Gene0788",0.277092346204006,0.431345465302782
"Gene0789",0.0418077394603369,0.927406793823932
"Gene0790",-0.3042267636158,0.145345234725717
"Gene0791",-0.237509877867293,0.712589438592991
"Gene0792",0.175638488666936,0.849936112242416
"Gene0793",-0.111205373171485,0.82568719712528
"Gene0794",0.162993877219574,0.764305020514896
"Gene0795",-0.0488056248865334,0.941802793625055
"Gene0796",0.193000996538,0.826484277587677
"Gene0797",0.386478663039341,0.224238358406318
"Gene0798",-0.195299154967124,0.611521876110067
"Gene0799",0.281457825906289,0.590424069104345
"Gene0800",-0.226645983223081,0.774207187636138
