"sample","group","batch"
"S01","Control","B1"
"S02","Control","B1"
"S03","Control","B1"
"S04","Control","B1"
"S05","Control","B1"
"S06","Control","B1"
"S07","Control","B2"
"S08","Control","B2"
"S09","Control","B2"
"S10","Control","B2"
"S11","Control","B2"
"S12","Control","B2"
"S13","Treatment","B1"
"S14","Treatment","B1"
"S15","Treatment","B1"
"S16","Treatment","B1"
"S17","Treatment","B1"
"S18","Treatment","B1"
"S19","Treatment","B2"
"S20","Treatment","B2"
"S21","Treatment","B2"
"S22","Treatment","B2"
"S23","Treatment","B2"
"S24","Treatment","B2"
